247,12/05/2025,11000
247,12/05/2025,11000
247,12/05/2025,11000
247,12/05/2025,11000
247,12/05/2025,11000
NuocLoc,12/02/2025,5000
NuocLoc,12/02/2025,5000
NuocLoc,12/02/2025,5000
NuocLoc,12/02/2025,5000
NuocLoc,12/02/2025,5000
NuocLoc,12/02/2025,5000
NuocLoc,12/02/2025,5000
NuocLoc,12/02/2025,5000
NuocLoc,12/02/2025,5000
NuocLoc,12/02/2025,5000
NuocLoc,12/02/2025,5000
NuocLoc,12/02/2025,5000
NuocLoc,12/02/2025,5000
NuocLoc,12/02/2025,5000
NuocLoc,12/02/2025,5000
NuocLoc,12/02/2025,5000
CocaCola,12/12/2025,10000
CocaCola,12/12/2025,10000
CocaCola,12/12/2025,10000
CocaCola,12/12/2025,10000
CocaCola,12/12/2025,10000
CocaCola,12/12/2025,10000
Pepsi,31/12/2024,10000
Pepsi,31/12/2024,10000
Pepsi,31/12/2024,10000
Pepsi,31/12/2024,10000
Pepsi,31/12/2024,10000
Pepsi,31/12/2024,10000
CocaCola,12/12/2025,10000
CocaCola,12/12/2025,10000
CocaCola,12/12/2025,10000
CocaCola,12/12/2025,10000
Pepsi,31/12/2024,10000
Pepsi,31/12/2024,10000
Pepsi,31/12/2024,10000
Pepsi,31/12/2024,10000
Pepsi,31/12/2024,10000
Pepsi,31/12/2024,10000
Sprite,23/10/2025,12000
Sprite,23/10/2025,12000
Sprite,23/10/2025,12000
Sprite,23/10/2025,12000
Sprite,23/10/2025,12000
Sprite,23/10/2025,12000
BoHuc,04/12/2024,15000
BoHuc,04/12/2024,15000
BoHuc,04/12/2024,15000
BoHuc,04/12/2024,15000
BoHuc,04/12/2024,15000
BoHuc,04/12/2024,15000
Milo,14/12/2025,5000
Milo,14/12/2025,5000
Milo,12/12/2025,6000
Milo,14/12/2025,5000
Milo,14/12/2025,5000
